{"web":{"client_id":"373102698654.apps.googleusercontent.com","project_id":"peeljobs-com","auth_uri":"https://accounts.google.com/o/oauth2/auth","token_uri":"https://accounts.google.com/o/oauth2/token","auth_provider_x509_cert_url":"https://www.googleapis.com/oauth2/v1/certs","client_secret":"b7rA_4OWMBshb_t28AU6W7Tf","redirect_uris":["urn:ietf:wg:oauth:2.0:oob","http://www.peeljobs.com/social/google/","http://www.peeljobs.com/social/google_login/","http://www.peeljobs.com/social/google/friends/","http://www.peeljobs.com/social/google_connect/","http://test.peeljobs.com:8000/social/google/","http://localhost:8000/oauth2callback/","http://www.peeljobs.com/oauth2callback/","http://test.peeljobs.com:8000/oauth2callback/","http://test.peeljobs.com:8000/social/google_login/","http://test.peeljobs.com:8001/social/google/","http://test.peeljobs.com:8000/social/google/friends/","http://test.peeljobs.com:8000/social/google_connect/","http://peeljobs.com/social/google_connect/","http://peeljobs.com/social/google/friends/","http://peeljobs.com/social/google_login/","http://localhost:8000/social/google_login/","http://www.peeljobs.com/recruiter/google/","http://www.peeljobs.com/recruiter/google_login/","http://www.peeljobs.com/recruiter/google_connect/","http://www.peeljobs.com/recruiter/google/friends/","https://peeljobs.com/recruiter/google_login/","https://peeljobs.com/recruiter/google/friends/","https://peeljobs.com/recruiter/google_connect/","https://peeljobs.com/social/google_login/","https://peeljobs.com/social/google/friends/","https://peeljobs.com/social/google_connect/","https://test.peeljobs.com:8000/social/google/","https://test.peeljobs.com:8000/social/google_login/","http://localhost","https://test.peeljobs.com:8000/dashboard/google_login/","http://test.peeljobs.com:8000/dashboard/google_login/","https://test.peeljobs.com:8000/social/google_connect/","http://test.peeljobs.com:8000/recruiter/google_login/","http://test.peeljobs.com:8000/","http://test.peeljobs.com:8000/forum/gp_login/","https://peeljobs.com/forum/gp_login/","http://test.peeljobs.com:8000/social/google-login/","https://peeljobs.com/social/google-login/","https://peeljobs.com/social/google-connect/","http://test.peeljobs.com:8000/social/google-connect/","http://test.peeljobs.com:8000/dashboard/google-login/","https://peeljobs.com/dashboard/google-login/","https://peeljobs.com/dashboard/google_login/","https://stage.peeljobs.com/dashboard/google_login/","https://stage.peeljobs.com/social/google_login/","http://elreport.peeljobs.com:3000/login/google","http://elreport.peeljobs.com:3000/login/google/","http://stage.peeljobs.com:8001/dashboard/google_login/"],"javascript_origins":["http://p.peeljobs.com","http://peeljobs.com","http://www.peeljobs.com","http://recruiter.peeljobs.com","http://r.peeljobs.com"]}}